"id","data","target"
0,"[[286, 244, 8.077847480773926], [286, 244, 8.077847480773926], [286, 244, 8.077847480773926], [286, 244, 8.077847480773926], [286, 244, 8.077847480773926], [286, 244, 8.077847480773926], [289, 191, 9.962529182434082], [289, 191, 9.962529182434082], [289, 191, 9.962529182434082], [289, 191, 9.962529182434082]]",0
1,"[[286, 243, 9.486932754516602], [286, 243, 9.486932754516602], [286, 243, 9.486932754516602], [286, 243, 9.486932754516602], [286, 243, 9.486932754516602], [286, 243, 9.486932754516602], [286, 243, 9.486932754516602], [286, 243, 9.486932754516602], [293, 182, 9.192488670349121], [293, 182, 9.192488670349121]]",90
2,"[[288, 176, 10.770429611206055], [288, 176, 10.770429611206055], [288, 176, 10.770429611206055], [292, 151, 10.12432861328125], [292, 151, 10.12432861328125], [297, 128, 10.30786418914795], [297, 128, 10.30786418914795], [297, 128, 10.30786418914795], [297, 128, 10.30786418914795], [297, 128, 10.30786418914795]]",30
3,"[[281, 257, 8.544103622436523], [281, 257, 8.544103622436523], [281, 257, 8.544103622436523], [283, 235, 9.823541641235352], [283, 235, 9.823541641235352], [283, 235, 9.823541641235352], [283, 235, 9.823541641235352], [287, 166, 10.12432861328125], [287, 166, 10.12432861328125], [290, 146, 10.12432861328125]]",50
4,"[[290, 243, 9.219644546508789], [290, 243, 9.219644546508789], [290, 243, 9.219644546508789], [290, 243, 9.219644546508789], [290, 243, 9.219644546508789], [291, 196, 7.905794143676758], [291, 196, 7.905794143676758], [291, 196, 7.905794143676758], [292, 177, 9.013978004455566], [292, 177, 9.013978004455566]]",70
5,"[[291, 247, 9.486932754516602], [291, 247, 9.486932754516602], [305, 166, 9.394247055053711], [305, 166, 9.394247055053711], [309, 150, 10.000100135803223], [309, 150, 10.000100135803223], [309, 150, 10.000100135803223], [309, 150, 10.000100135803223], [316, 137, 10.12432861328125], [316, 137, 10.12432861328125]]",55
6,"[[277, 237, 9.34087085723877], [277, 237, 9.34087085723877], [277, 197, 8.560774803161621], [277, 197, 8.560774803161621], [277, 179, 9.013978004455566], [277, 179, 9.013978004455566], [277, 179, 9.013978004455566], [277, 179, 9.013978004455566], [277, 179, 9.013978004455566], [277, 150, 9.525437355041504]]",72
7,"[[268, 223, 9.823541641235352], [268, 223, 9.823541641235352], [268, 223, 9.823541641235352], [268, 223, 9.823541641235352], [268, 223, 9.823541641235352], [277, 178, 9.848958015441895], [277, 178, 9.848958015441895], [277, 178, 9.848958015441895], [282, 159, 10.062405586242676], [282, 159, 10.062405586242676]]",48
8,"[[295, 182, 9.34087085723877], [295, 182, 9.34087085723877], [295, 182, 9.34087085723877], [298, 163, 9.486932754516602], [298, 163, 9.486932754516602], [298, 163, 9.486932754516602], [298, 163, 9.486932754516602], [298, 163, 9.486932754516602], [298, 163, 9.486932754516602], [298, 163, 9.486932754516602]]",50
10,"[[292, 236, 8.381627082824707], [292, 236, 8.381627082824707], [295, 195, 7.615873336791992], [295, 195, 7.615873336791992], [295, 195, 7.615873336791992], [295, 195, 7.615873336791992], [296, 179, 8.544103622436523], [296, 179, 8.544103622436523], [296, 179, 8.544103622436523], [296, 179, 8.544103622436523]]",78
11,"[[291, 233, 8.732224464416504], [291, 233, 8.732224464416504], [291, 233, 8.732224464416504], [299, 190, 8.276573181152344], [299, 190, 8.276573181152344], [299, 190, 8.276573181152344], [299, 190, 8.276573181152344], [304, 171, 9.192488670349121], [304, 171, 9.192488670349121], [304, 171, 9.192488670349121]]",60
12,"[[289, 179, 9.65670394897461], [289, 179, 9.65670394897461], [291, 159, 9.962529182434082], [291, 159, 9.962529182434082], [293, 139, 10.453442573547363], [293, 139, 10.453442573547363], [293, 139, 10.453442573547363], [296, 121, 10.12432861328125], [296, 121, 10.12432861328125], [296, 121, 10.12432861328125]]",0
13,"[[282, 243, 9.486932754516602], [282, 243, 9.486932754516602], [282, 243, 9.486932754516602], [282, 243, 9.486932754516602], [297, 162, 9.848958015441895], [297, 162, 9.848958015441895], [303, 146, 10.317601203918457], [303, 146, 10.317601203918457], [310, 132, 10.547611236572266], [310, 132, 10.547611236572266]]",35
14,"[[288, 251, 8.077847480773926], [288, 251, 8.077847480773926], [289, 231, 7.905794143676758], [289, 231, 7.905794143676758], [289, 231, 7.905794143676758], [296, 178, 8.547059059143066], [296, 178, 8.547059059143066], [298, 165, 8.758027076721191], [298, 165, 8.758027076721191], [298, 165, 8.758027076721191]]",70
15,"[[282, 252, 8.276573181152344], [282, 252, 8.276573181152344], [284, 231, 9.013978004455566], [284, 231, 9.013978004455566], [284, 231, 9.013978004455566], [290, 187, 9.192488670349121], [290, 187, 9.192488670349121], [290, 187, 9.192488670349121], [290, 187, 9.192488670349121], [290, 187, 9.192488670349121]]",50
16,"[[284, 254, 7.905794143676758], [284, 254, 7.905794143676758], [285, 232, 8.544103622436523], [285, 232, 8.544103622436523], [285, 232, 8.544103622436523], [290, 168, 9.65670394897461], [290, 168, 9.65670394897461], [292, 149, 9.659314155578613], [292, 149, 9.659314155578613], [292, 149, 9.659314155578613]]",50
17,"[[288, 248, 8.381627082824707], [288, 248, 8.381627082824707], [287, 228, 7.615873336791992], [287, 228, 7.615873336791992], [287, 228, 7.615873336791992], [287, 228, 7.615873336791992], [287, 228, 7.615873336791992], [287, 228, 7.615873336791992], [285, 188, 8.860122680664062], [285, 188, 8.860122680664062]]",73
19,"[[290, 234, 7.905794143676758], [290, 234, 7.905794143676758], [290, 234, 7.905794143676758], [291, 192, 7.762187480926514], [291, 192, 7.762187480926514], [291, 192, 7.762187480926514], [291, 192, 7.762187480926514], [291, 192, 7.762187480926514], [291, 192, 7.762187480926514], [291, 192, 7.762187480926514]]",100
21,"[[287, 180, 8.860122680664062], [287, 180, 8.860122680664062], [286, 158, 8.381627082824707], [286, 158, 8.381627082824707], [286, 158, 8.381627082824707], [285, 136, 8.077847480773926], [285, 136, 8.077847480773926], [285, 136, 8.077847480773926], [285, 136, 8.077847480773926], [285, 136, 8.077847480773926]]",30
22,"[[270, 235, 9.34087085723877], [270, 235, 9.34087085723877], [270, 214, 9.34087085723877], [270, 214, 9.34087085723877], [270, 214, 9.34087085723877], [272, 192, 9.708344459533691], [272, 192, 9.708344459533691], [272, 192, 9.708344459533691], [272, 192, 9.708344459533691], [272, 192, 9.708344459533691]]",45
23,"[[286, 244, 8.860122680664062], [286, 244, 8.860122680664062], [286, 244, 8.860122680664062], [289, 176, 9.823541641235352], [289, 176, 9.823541641235352], [291, 156, 9.486932754516602], [291, 156, 9.486932754516602], [291, 156, 9.486932754516602], [292, 138, 9.65670394897461], [292, 138, 9.65670394897461]]",50
24,"[[286, 241, 7.905794143676758], [286, 241, 7.905794143676758], [286, 241, 7.905794143676758], [286, 241, 7.905794143676758], [286, 241, 7.905794143676758], [290, 188, 9.486932754516602], [290, 188, 9.486932754516602], [290, 188, 9.486932754516602], [290, 188, 9.486932754516602], [293, 163, 9.962529182434082]]",0
25,"[[301, 235, 8.276573181152344], [301, 235, 8.276573181152344], [311, 184, 8.544103622436523], [311, 184, 8.544103622436523], [311, 184, 8.544103622436523], [311, 184, 8.544103622436523], [311, 184, 8.544103622436523], [320, 163, 8.856033325195312], [320, 163, 8.856033325195312], [320, 163, 8.856033325195312]]",100
26,"[[283, 254, 8.381627082824707], [283, 254, 8.381627082824707], [283, 254, 8.381627082824707], [283, 234, 8.860122680664062], [283, 234, 8.860122680664062], [286, 180, 8.276573181152344], [286, 180, 8.276573181152344], [286, 180, 8.276573181152344], [286, 180, 8.276573181152344], [287, 167, 8.381627082824707]]",100
27,"[[279, 231, 8.381627082824707], [279, 231, 8.381627082824707], [279, 231, 8.381627082824707], [279, 231, 8.381627082824707], [279, 231, 8.381627082824707], [279, 180, 9.34087085723877], [279, 180, 9.34087085723877], [279, 158, 9.486932754516602], [279, 158, 9.486932754516602], [279, 158, 9.486932754516602]]",37
28,"[[267, 241, 8.381627082824707], [267, 241, 8.381627082824707], [267, 241, 8.381627082824707], [272, 195, 9.962529182434082], [272, 195, 9.962529182434082], [274, 172, 10.12432861328125], [274, 172, 10.12432861328125], [274, 172, 10.12432861328125], [274, 172, 10.12432861328125], [274, 172, 10.12432861328125]]",45
29,"[[269, 253, 8.544103622436523], [269, 253, 8.544103622436523], [269, 253, 8.544103622436523], [269, 253, 8.544103622436523], [271, 233, 9.013978004455566], [271, 233, 9.013978004455566], [271, 233, 9.013978004455566], [271, 233, 9.013978004455566], [271, 233, 9.013978004455566], [271, 233, 9.013978004455566]]",73
30,"[[273, 243, 8.732224464416504], [273, 243, 8.732224464416504], [273, 243, 8.732224464416504], [273, 243, 8.732224464416504], [288, 182, 9.394247055053711], [288, 182, 9.394247055053711], [288, 182, 9.394247055053711], [288, 182, 9.394247055053711], [288, 182, 9.394247055053711], [288, 182, 9.394247055053711]]",50
31,"[[262, 218, 9.013978004455566], [262, 218, 9.013978004455566], [262, 218, 9.013978004455566], [262, 218, 9.013978004455566], [265, 198, 8.544103622436523], [265, 198, 8.544103622436523], [268, 179, 8.077847480773926], [268, 179, 8.077847480773926], [268, 179, 8.077847480773926], [272, 161, 8.090311050415039]]",95
32,"[[261, 232, 8.544103622436523], [261, 232, 8.544103622436523], [261, 232, 8.544103622436523], [262, 210, 8.544103622436523], [262, 210, 8.544103622436523], [262, 210, 8.544103622436523], [262, 210, 8.544103622436523], [262, 188, 8.381627082824707], [262, 188, 8.381627082824707], [263, 168, 8.095780372619629]]",75
33,"[[259, 243, 8.544103622436523], [259, 243, 8.544103622436523], [259, 243, 8.544103622436523], [259, 243, 8.544103622436523], [259, 243, 8.544103622436523], [259, 243, 8.544103622436523], [265, 197, 8.547065734863281], [265, 197, 8.547065734863281], [265, 197, 8.547065734863281], [265, 197, 8.547065734863281]]",57
34,"[[241, 246, 9.192488670349121], [241, 246, 9.192488670349121], [241, 246, 9.192488670349121], [244, 222, 9.962529182434082], [244, 222, 9.962529182434082], [247, 197, 10.12432861328125], [247, 197, 10.12432861328125], [247, 197, 10.12432861328125], [247, 197, 10.12432861328125], [247, 197, 10.12432861328125]]",0
35,"[[251, 246, 7.905794143676758], [251, 246, 7.905794143676758], [252, 226, 8.381627082824707], [252, 226, 8.381627082824707], [252, 226, 8.381627082824707], [254, 205, 8.381627082824707], [254, 205, 8.381627082824707], [254, 205, 8.381627082824707], [254, 205, 8.381627082824707], [254, 205, 8.381627082824707]]",74
36,"[[254, 239, 8.077847480773926], [254, 239, 8.077847480773926], [254, 239, 8.077847480773926], [254, 239, 8.077847480773926], [254, 239, 8.077847480773926], [261, 197, 9.394247055053711], [261, 197, 9.394247055053711], [265, 178, 9.436748504638672], [265, 178, 9.436748504638672], [265, 178, 9.436748504638672]]",77
37,"[[261, 219, 9.486932754516602], [261, 219, 9.486932754516602], [264, 197, 9.65670394897461], [264, 197, 9.65670394897461], [264, 197, 9.65670394897461], [264, 197, 9.65670394897461], [268, 176, 9.65670394897461], [268, 176, 9.65670394897461], [268, 176, 9.65670394897461], [268, 176, 9.65670394897461]]",75
38,"[[256, 238, 7.905794143676758], [256, 238, 7.905794143676758], [256, 238, 7.905794143676758], [257, 215, 9.013978004455566], [257, 215, 9.013978004455566], [259, 192, 9.013978004455566], [259, 192, 9.013978004455566], [259, 192, 9.013978004455566], [261, 170, 9.192488670349121], [261, 170, 9.192488670349121]]",50
39,"[[245, 230, 9.013978004455566], [245, 230, 9.013978004455566], [245, 230, 9.013978004455566], [245, 230, 9.013978004455566], [245, 230, 9.013978004455566], [252, 185, 8.732224464416504], [252, 185, 8.732224464416504], [252, 185, 8.732224464416504], [255, 163, 8.944372177124023], [255, 163, 8.944372177124023]]",50
40,"[[260, 243, 8.544103622436523], [260, 243, 8.544103622436523], [260, 243, 8.544103622436523], [262, 221, 8.544103622436523], [262, 221, 8.544103622436523], [266, 198, 9.013978004455566], [266, 198, 9.013978004455566], [266, 198, 9.013978004455566], [269, 177, 8.544103622436523], [269, 177, 8.544103622436523]]",74
41,"[[242, 247, 7.762187480926514], [242, 247, 7.762187480926514], [243, 225, 8.276573181152344], [243, 225, 8.276573181152344], [246, 203, 8.077847480773926], [246, 203, 8.077847480773926], [246, 203, 8.077847480773926], [246, 203, 8.077847480773926], [248, 182, 8.090300559997559], [248, 182, 8.090300559997559]]",50
42,"[[257, 236, 8.381627082824707], [257, 236, 8.381627082824707], [258, 216, 7.905794143676758], [258, 216, 7.905794143676758], [260, 197, 7.905794143676758], [260, 197, 7.905794143676758], [260, 197, 7.905794143676758], [261, 179, 8.077847480773926], [261, 179, 8.077847480773926], [261, 179, 8.077847480773926]]",100
43,"[[274, 231, 9.013978004455566], [274, 231, 9.013978004455566], [279, 184, 9.013978004455566], [279, 184, 9.013978004455566], [279, 184, 9.013978004455566], [282, 163, 8.544103622436523], [282, 163, 8.544103622436523], [284, 142, 8.732224464416504], [284, 142, 8.732224464416504], [284, 142, 8.732224464416504]]",70
44,"[[270, 235, 8.732224464416504], [270, 235, 8.732224464416504], [273, 188, 8.732224464416504], [273, 188, 8.732224464416504], [275, 165, 9.013978004455566], [275, 165, 9.013978004455566], [275, 165, 9.013978004455566], [275, 165, 9.013978004455566], [277, 144, 9.192488670349121], [280, 125, 9.394247055053711]]",47
45,"[[260, 237, 7.905794143676758], [260, 237, 7.905794143676758], [260, 237, 7.905794143676758], [261, 215, 9.823541641235352], [261, 215, 9.823541641235352], [263, 192, 9.823541641235352], [263, 192, 9.823541641235352], [263, 192, 9.823541641235352], [263, 192, 9.823541641235352], [263, 192, 9.823541641235352]]",25
46,"[[256, 217, 9.013978004455566], [256, 217, 9.013978004455566], [256, 217, 9.013978004455566], [257, 196, 9.34087085723877], [257, 196, 9.34087085723877], [257, 196, 9.34087085723877], [259, 175, 9.013978004455566], [259, 175, 9.013978004455566], [259, 175, 9.013978004455566], [261, 156, 9.013978004455566]]",70
47,"[[249, 235, 9.394247055053711], [249, 235, 9.394247055053711], [255, 212, 9.65670394897461], [255, 212, 9.65670394897461], [255, 212, 9.65670394897461], [255, 212, 9.65670394897461], [261, 189, 9.192488670349121], [268, 168, 8.944372177124023], [268, 168, 8.944372177124023], [268, 168, 8.944372177124023]]",45
48,"[[234, 219, 10.12432861328125], [234, 219, 10.12432861328125], [234, 219, 10.12432861328125], [237, 193, 9.486932754516602], [237, 193, 9.486932754516602], [237, 193, 9.486932754516602], [241, 168, 9.192488670349121], [241, 168, 9.192488670349121], [245, 144, 9.192488670349121], [245, 144, 9.192488670349121]]",25
49,"[[233, 229, 8.732224464416504], [233, 229, 8.732224464416504], [236, 206, 9.486932754516602], [236, 206, 9.486932754516602], [236, 206, 9.486932754516602], [236, 206, 9.486932754516602], [236, 206, 9.486932754516602], [242, 162, 8.732224464416504], [242, 162, 8.732224464416504], [242, 162, 8.732224464416504]]",70
50,"[[236, 228, 9.192488670349121], [236, 228, 9.192488670349121], [241, 205, 8.276573181152344], [241, 205, 8.276573181152344], [241, 205, 8.276573181152344], [241, 205, 8.276573181152344], [241, 205, 8.276573181152344], [241, 205, 8.276573181152344], [250, 165, 7.826338291168213], [250, 165, 7.826338291168213]]",100
51,"[[237, 236, 9.013978004455566], [237, 236, 9.013978004455566], [237, 236, 9.013978004455566], [237, 236, 9.013978004455566], [237, 236, 9.013978004455566], [237, 236, 9.013978004455566], [242, 187, 8.732224464416504], [242, 187, 8.732224464416504], [244, 164, 8.732224464416504], [244, 164, 8.732224464416504]]",47
52,"[[227, 223, 8.544103622436523], [227, 223, 8.544103622436523], [227, 223, 8.544103622436523], [230, 198, 8.544103622436523], [230, 198, 8.544103622436523], [230, 198, 8.544103622436523], [233, 176, 8.276573181152344], [233, 176, 8.276573181152344], [233, 176, 8.276573181152344], [233, 176, 8.276573181152344]]",55
53,"[[230, 230, 9.013978004455566], [230, 230, 9.013978004455566], [230, 230, 9.013978004455566], [230, 230, 9.013978004455566], [233, 206, 8.732224464416504], [233, 206, 8.732224464416504], [233, 206, 8.732224464416504], [233, 206, 8.732224464416504], [233, 206, 8.732224464416504], [239, 164, 7.905794143676758]]",89
55,"[[283, 238, 9.34087085723877], [283, 238, 9.34087085723877], [288, 189, 9.486932754516602], [288, 189, 9.486932754516602], [288, 189, 9.486932754516602], [288, 189, 9.486932754516602], [288, 189, 9.486932754516602], [295, 145, 9.394247055053711], [295, 145, 9.394247055053711], [299, 126, 9.013978004455566]]",30
56,"[[279, 242, 9.962529182434082], [279, 242, 9.962529182434082], [275, 172, 10.198139190673828], [275, 172, 10.198139190673828], [275, 172, 10.198139190673828], [274, 151, 9.962529182434082], [274, 151, 9.962529182434082], [274, 151, 9.962529182434082], [273, 133, 10.30786418914795], [273, 133, 10.30786418914795]]",50
57,"[[285, 242, 9.486932754516602], [285, 242, 9.486932754516602], [285, 242, 9.486932754516602], [295, 195, 8.732224464416504], [295, 195, 8.732224464416504], [295, 195, 8.732224464416504], [299, 175, 9.394247055053711], [299, 175, 9.394247055053711], [306, 155, 9.394247055053711], [306, 155, 9.394247055053711]]",60
58,"[[286, 238, 9.962529182434082], [286, 238, 9.962529182434082], [286, 238, 9.962529182434082], [286, 238, 9.962529182434082], [286, 238, 9.962529182434082], [292, 169, 10.12432861328125], [292, 169, 10.12432861328125], [295, 149, 10.12432861328125], [295, 149, 10.12432861328125], [295, 149, 10.12432861328125]]",50
60,"[[282, 249, 9.013978004455566], [282, 249, 9.013978004455566], [284, 230, 8.077847480773926], [284, 230, 8.077847480773926], [284, 230, 8.077847480773926], [284, 230, 8.077847480773926], [289, 193, 8.276573181152344], [289, 193, 8.276573181152344], [289, 193, 8.276573181152344], [289, 193, 8.276573181152344]]",100
61,"[[284, 238, 9.962529182434082], [284, 238, 9.962529182434082], [293, 166, 10.12432861328125], [293, 166, 10.12432861328125], [293, 166, 10.12432861328125], [293, 166, 10.12432861328125], [297, 145, 9.65670394897461], [297, 145, 9.65670394897461], [297, 145, 9.65670394897461], [297, 145, 9.65670394897461]]",10
62,"[[288, 248, 9.013978004455566], [288, 248, 9.013978004455566], [299, 188, 7.826338291168213], [299, 188, 7.826338291168213], [299, 188, 7.826338291168213], [304, 173, 8.944372177124023], [304, 173, 8.944372177124023], [304, 173, 8.944372177124023], [304, 173, 8.944372177124023], [304, 173, 8.944372177124023]]",90
63,"[[284, 252, 8.860122680664062], [284, 252, 8.860122680664062], [284, 252, 8.860122680664062], [284, 252, 8.860122680664062], [284, 252, 8.860122680664062], [284, 252, 8.860122680664062], [286, 194, 8.09577465057373], [286, 194, 8.09577465057373], [286, 194, 8.09577465057373], [286, 194, 8.09577465057373]]",90
65,"[[283, 254, 8.077847480773926], [283, 254, 8.077847480773926], [283, 254, 8.077847480773926], [285, 233, 9.013978004455566], [285, 233, 9.013978004455566], [285, 233, 9.013978004455566], [285, 233, 9.013978004455566], [285, 233, 9.013978004455566], [293, 185, 9.192488670349121], [293, 185, 9.192488670349121]]",55
66,"[[288, 258, 8.077847480773926], [288, 258, 8.077847480773926], [288, 258, 8.077847480773926], [288, 258, 8.077847480773926], [288, 258, 8.077847480773926], [302, 183, 8.276573181152344], [302, 183, 8.276573181152344], [307, 168, 8.500100135803223], [307, 168, 8.500100135803223], [307, 168, 8.500100135803223]]",100
67,"[[287, 247, 8.732224464416504], [287, 247, 8.732224464416504], [287, 247, 8.732224464416504], [287, 247, 8.732224464416504], [287, 247, 8.732224464416504], [296, 185, 8.544103622436523], [296, 185, 8.544103622436523], [296, 185, 8.544103622436523], [296, 185, 8.544103622436523], [296, 185, 8.544103622436523]]",95
68,"[[285, 236, 9.34087085723877], [285, 236, 9.34087085723877], [288, 195, 8.860122680664062], [288, 195, 8.860122680664062], [289, 178, 9.486932754516602], [289, 178, 9.486932754516602], [289, 178, 9.486932754516602], [291, 164, 9.192488670349121], [291, 164, 9.192488670349121], [293, 152, 9.208382606506348]]",95
69,"[[300, 162, 9.192488670349121], [300, 162, 9.192488670349121], [300, 162, 9.192488670349121], [305, 145, 9.192488670349121], [305, 145, 9.192488670349121], [305, 145, 9.192488670349121], [311, 130, 8.909463882446289], [311, 130, 8.909463882446289], [319, 119, 8.062357902526855], [319, 119, 8.062357902526855]]",80
70,"[[283, 249, 7.905794143676758], [283, 249, 7.905794143676758], [283, 249, 7.905794143676758], [289, 186, 8.544103622436523], [289, 186, 8.544103622436523], [289, 186, 8.544103622436523], [289, 186, 8.544103622436523], [289, 186, 8.544103622436523], [295, 150, 8.500100135803223], [295, 150, 8.500100135803223]]",78
71,"[[277, 254, 7.615873336791992], [277, 254, 7.615873336791992], [277, 254, 7.615873336791992], [279, 234, 9.34087085723877], [279, 234, 9.34087085723877], [279, 234, 9.34087085723877], [279, 234, 9.34087085723877], [279, 234, 9.34087085723877], [283, 187, 9.486932754516602], [283, 187, 9.486932754516602]]",45
72,"[[285, 194, 8.381627082824707], [285, 194, 8.381627082824707], [285, 194, 8.381627082824707], [285, 194, 8.381627082824707], [285, 194, 8.381627082824707], [285, 194, 8.381627082824707], [287, 153, 9.501566886901855], [287, 153, 9.501566886901855], [288, 135, 9.486932754516602], [288, 135, 9.486932754516602]]",45
73,"[[291, 197, 8.732224464416504], [291, 197, 8.732224464416504], [291, 197, 8.732224464416504], [291, 197, 8.732224464416504], [291, 197, 8.732224464416504], [291, 197, 8.732224464416504], [298, 159, 10.770429611206055], [298, 159, 10.770429611206055], [304, 143, 10.735555648803711], [304, 143, 10.735555648803711]]",40
74,"[[284, 256, 8.544103622436523], [284, 256, 8.544103622436523], [284, 256, 8.544103622436523], [284, 256, 8.544103622436523], [284, 256, 8.544103622436523], [292, 191, 8.732224464416504], [292, 191, 8.732224464416504], [292, 191, 8.732224464416504], [295, 172, 9.659314155578613], [295, 172, 9.659314155578613]]",60
75,"[[280, 254, 8.381627082824707], [280, 254, 8.381627082824707], [280, 254, 8.381627082824707], [280, 254, 8.381627082824707], [280, 254, 8.381627082824707], [285, 183, 9.962529182434082], [285, 183, 9.962529182434082], [285, 183, 9.962529182434082], [285, 183, 9.962529182434082], [285, 183, 9.962529182434082]]",0
76,"[[298, 188, 9.013978004455566], [298, 188, 9.013978004455566], [301, 172, 9.013978004455566], [301, 172, 9.013978004455566], [301, 172, 9.013978004455566], [301, 172, 9.013978004455566], [305, 158, 9.178879737854004], [305, 158, 9.178879737854004], [310, 148, 9.300638198852539], [310, 148, 9.300638198852539]]",95
77,"[[276, 249, 8.860122680664062], [276, 249, 8.860122680664062], [276, 249, 8.860122680664062], [277, 186, 8.732224464416504], [277, 186, 8.732224464416504], [277, 186, 8.732224464416504], [277, 186, 8.732224464416504], [278, 168, 8.860122680664062], [278, 168, 8.860122680664062], [279, 152, 8.560774803161621]]",87
78,"[[283, 250, 8.860122680664062], [283, 250, 8.860122680664062], [283, 250, 8.860122680664062], [283, 250, 8.860122680664062], [283, 250, 8.860122680664062], [283, 198, 7.762187480926514], [283, 198, 7.762187480926514], [284, 176, 10.30786418914795], [284, 176, 10.30786418914795], [284, 176, 10.30786418914795]]",25
79,"[[282, 230, 8.077847480773926], [282, 230, 8.077847480773926], [282, 230, 8.077847480773926], [288, 162, 9.65670394897461], [288, 162, 9.65670394897461], [288, 162, 9.65670394897461], [288, 162, 9.65670394897461], [288, 162, 9.65670394897461], [288, 162, 9.65670394897461], [293, 126, 10.12432861328125]]",50
0,"[[291, 211, 10.440406799316406], [291, 211, 10.440406799316406], [291, 211, 10.440406799316406], [293, 187, 9.962529182434082], [293, 187, 9.962529182434082], [296, 165, 9.65670394897461], [296, 165, 9.65670394897461], [296, 165, 9.65670394897461], [299, 144, 9.65670394897461], [299, 144, 9.65670394897461]]",50
1,"[[280, 250, 8.276573181152344], [280, 250, 8.276573181152344], [280, 250, 8.276573181152344], [281, 231, 8.544103622436523], [281, 231, 8.544103622436523], [287, 165, 9.013978004455566], [287, 165, 9.013978004455566], [289, 154, 9.013978004455566], [289, 154, 9.013978004455566], [289, 154, 9.013978004455566]]",100
2,"[[275, 234, 9.34087085723877], [275, 234, 9.34087085723877], [275, 234, 9.34087085723877], [275, 234, 9.34087085723877], [275, 234, 9.34087085723877], [275, 234, 9.34087085723877], [278, 186, 9.486932754516602], [278, 186, 9.486932754516602], [280, 162, 10.440406799316406], [280, 162, 10.440406799316406]]",50
3,"[[271, 229, 9.486932754516602], [271, 229, 9.486932754516602], [274, 180, 9.962529182434082], [274, 180, 9.962529182434082], [274, 180, 9.962529182434082], [274, 180, 9.962529182434082], [274, 180, 9.962529182434082], [279, 135, 10.594910621643066], [279, 135, 10.594910621643066], [279, 135, 10.594910621643066]]",0
4,"[[278, 229, 9.34087085723877], [282, 186, 8.732224464416504], [282, 186, 8.732224464416504], [284, 168, 9.192488670349121], [284, 168, 9.192488670349121], [284, 168, 9.192488670349121], [284, 168, 9.192488670349121], [284, 168, 9.192488670349121], [289, 138, 9.34087085723877], [289, 138, 9.34087085723877]]",80
5,"[[274, 239, 7.762187480926514], [274, 239, 7.762187480926514], [278, 165, 9.962529182434082], [278, 165, 9.962529182434082], [278, 165, 9.962529182434082], [280, 141, 9.486932754516602], [280, 141, 9.486932754516602], [282, 119, 9.394247055053711], [282, 119, 9.394247055053711], [282, 119, 9.394247055053711]]",25
6,"[[274, 252, 7.615873336791992], [274, 252, 7.615873336791992], [274, 252, 7.615873336791992], [274, 252, 7.615873336791992], [275, 231, 9.013978004455566], [275, 231, 9.013978004455566], [275, 231, 9.013978004455566], [281, 168, 9.192488670349121], [281, 168, 9.192488670349121], [281, 168, 9.192488670349121]]",45
7,"[[276, 247, 7.905794143676758], [276, 247, 7.905794143676758], [276, 247, 7.905794143676758], [276, 224, 8.860122680664062], [276, 224, 8.860122680664062], [276, 224, 8.860122680664062], [278, 153, 8.860122680664062], [278, 153, 8.860122680664062], [279, 132, 9.486932754516602], [279, 132, 9.486932754516602]]",45
8,"[[276, 234, 9.823541641235352], [276, 234, 9.823541641235352], [277, 187, 9.34087085723877], [277, 187, 9.34087085723877], [277, 187, 9.34087085723877], [277, 187, 9.34087085723877], [277, 187, 9.34087085723877], [280, 145, 9.192488670349121], [280, 145, 9.192488670349121], [281, 127, 9.486932754516602]]",67
9,"[[235, 232, 7.905794143676758], [235, 232, 7.905794143676758], [235, 232, 7.905794143676758], [235, 232, 7.905794143676758], [235, 232, 7.905794143676758], [240, 186, 8.544103622436523], [240, 186, 8.544103622436523], [243, 165, 8.500100135803223], [243, 165, 8.500100135803223], [243, 165, 8.500100135803223]]",70
10,"[[243, 217, 9.962529182434082], [243, 217, 9.962529182434082], [245, 194, 9.823541641235352], [245, 194, 9.823541641235352], [245, 194, 9.823541641235352], [245, 194, 9.823541641235352], [245, 194, 9.823541641235352], [247, 152, 9.837140083312988], [247, 152, 9.837140083312988], [247, 152, 9.837140083312988]]",75
11,"[[256, 216, 9.192488670349121], [256, 216, 9.192488670349121], [256, 216, 9.192488670349121], [261, 194, 9.848958015441895], [261, 194, 9.848958015441895], [261, 194, 9.848958015441895], [267, 173, 9.871813774108887], [267, 173, 9.871813774108887], [267, 173, 9.871813774108887], [267, 173, 9.871813774108887]]",50
13,"[[236, 229, 9.013978004455566], [236, 229, 9.013978004455566], [239, 205, 10.12432861328125], [239, 205, 10.12432861328125], [239, 205, 10.12432861328125], [239, 205, 10.12432861328125], [239, 205, 10.12432861328125], [239, 205, 10.12432861328125], [247, 156, 9.962529182434082], [247, 156, 9.962529182434082]]",0
14,"[[233, 233, 8.381627082824707], [233, 233, 8.381627082824707], [233, 233, 8.381627082824707], [235, 211, 8.544103622436523], [235, 211, 8.544103622436523], [236, 189, 8.381627082824707], [236, 189, 8.381627082824707], [236, 189, 8.381627082824707], [238, 170, 8.276573181152344], [238, 170, 8.276573181152344]]",64
15,"[[16, 419, 13.928488731384277], [16, 419, 13.928488731384277], [10, 421, 10.735555648803711], [10, 421, 10.735555648803711], [10, 421, 10.735555648803711], [10, 417, 7.905794143676758], [238, 211, 9.34087085723877], [238, 211, 9.34087085723877], [238, 211, 9.34087085723877], [238, 211, 9.34087085723877]]",47
16,"[[254, 210, 9.34087085723877], [254, 210, 9.34087085723877], [256, 187, 9.65670394897461], [256, 187, 9.65670394897461], [256, 187, 9.65670394897461], [258, 166, 9.486932754516602], [258, 166, 9.486932754516602], [260, 146, 9.486932754516602], [260, 146, 9.486932754516602], [260, 146, 9.486932754516602]]",55
17,"[[241, 220, 8.24631118774414], [241, 220, 8.24631118774414], [241, 220, 8.24631118774414], [241, 220, 8.24631118774414], [241, 220, 8.24631118774414], [241, 220, 8.24631118774414], [248, 178, 8.381627082824707], [248, 178, 8.381627082824707], [251, 158, 9.013978004455566], [251, 158, 9.013978004455566]]",60
18,"[[239, 220, 8.381627082824707], [239, 220, 8.381627082824707], [239, 220, 8.381627082824707], [240, 198, 9.486932754516602], [240, 198, 9.486932754516602], [240, 198, 9.486932754516602], [240, 198, 9.486932754516602], [240, 198, 9.486932754516602], [240, 198, 9.486932754516602], [240, 198, 9.486932754516602]]",20
19,"[[236, 225, 8.077847480773926], [236, 225, 8.077847480773926], [239, 201, 8.732224464416504], [239, 201, 8.732224464416504], [239, 201, 8.732224464416504], [239, 201, 8.732224464416504], [239, 201, 8.732224464416504], [247, 156, 9.192488670349121], [247, 156, 9.192488670349121], [247, 156, 9.192488670349121]]",50
20,"[[361, 166, 16.688419342041016], [361, 166, 16.688419342041016], [238, 206, 9.34087085723877], [238, 206, 9.34087085723877], [238, 206, 9.34087085723877], [239, 184, 9.013978004455566], [239, 184, 9.013978004455566], [239, 184, 9.013978004455566], [239, 164, 9.192488670349121], [239, 164, 9.192488670349121]]",30
21,"[[572, 428, 9.434431076049805], [572, 428, 9.434431076049805], [567, 419, 8.732224464416504], [567, 419, 8.732224464416504], [241, 242, 8.077847480773926], [241, 242, 8.077847480773926], [241, 242, 8.077847480773926], [243, 220, 9.34087085723877], [243, 220, 9.34087085723877], [243, 220, 9.34087085723877]]",60
22,"[[253, 218, 9.192488670349121], [253, 218, 9.192488670349121], [258, 196, 9.394247055053711], [258, 196, 9.394247055053711], [258, 196, 9.394247055053711], [258, 196, 9.394247055053711], [258, 196, 9.394247055053711], [269, 154, 9.394247055053711], [269, 154, 9.394247055053711], [269, 154, 9.394247055053711]]",55
23,"[[278, 251, 8.077847480773926], [278, 251, 8.077847480773926], [280, 228, 9.013978004455566], [280, 228, 9.013978004455566], [280, 228, 9.013978004455566], [289, 160, 8.944372177124023], [289, 160, 8.944372177124023], [292, 140, 9.013978004455566], [292, 140, 9.013978004455566], [292, 140, 9.013978004455566]]",53
24,"[[293, 178, 9.192488670349121], [293, 178, 9.192488670349121], [293, 178, 9.192488670349121], [299, 161, 9.436748504638672], [299, 161, 9.436748504638672], [299, 161, 9.436748504638672], [299, 161, 9.436748504638672], [299, 161, 9.436748504638672], [316, 133, 10.000100135803223], [316, 133, 10.000100135803223]]",90
25,"[[276, 239, 8.860122680664062], [276, 239, 8.860122680664062], [276, 239, 8.860122680664062], [276, 239, 8.860122680664062], [276, 239, 8.860122680664062], [279, 177, 8.397981643676758], [279, 177, 8.397981643676758], [280, 159, 8.860122680664062], [280, 159, 8.860122680664062], [280, 159, 8.860122680664062]]",65
26,"[[279, 240, 8.860122680664062], [279, 240, 8.860122680664062], [279, 240, 8.860122680664062], [282, 163, 8.276573181152344], [282, 163, 8.276573181152344], [282, 163, 8.276573181152344], [282, 163, 8.276573181152344], [283, 149, 7.826338291168213], [283, 149, 7.826338291168213], [283, 149, 7.826338291168213]]",100
27,"[[283, 174, 9.486932754516602], [283, 174, 9.486932754516602], [283, 174, 9.486932754516602], [284, 154, 9.486932754516602], [284, 154, 9.486932754516602], [284, 154, 9.486932754516602], [284, 154, 9.486932754516602], [284, 154, 9.486932754516602], [289, 120, 9.962529182434082], [289, 120, 9.962529182434082]]",50
28,"[[217, 445, 8.820876121520996], [217, 445, 8.820876121520996], [217, 446, 8.381627082824707], [217, 446, 8.381627082824707], [217, 446, 8.381627082824707], [279, 251, 8.544103622436523], [279, 251, 8.544103622436523], [279, 251, 8.544103622436523], [283, 231, 9.65670394897461], [283, 231, 9.65670394897461]]",80
29,"[[277, 256, 8.077847480773926], [277, 256, 8.077847480773926], [279, 235, 9.013978004455566], [279, 235, 9.013978004455566], [279, 235, 9.013978004455566], [279, 235, 9.013978004455566], [289, 177, 8.732224464416504], [289, 177, 8.732224464416504], [294, 161, 8.758027076721191], [294, 161, 8.758027076721191]]",80
30,"[[274, 227, 9.34087085723877], [274, 227, 9.34087085723877], [274, 227, 9.34087085723877], [278, 179, 9.962529182434082], [278, 179, 9.962529182434082], [280, 156, 9.486932754516602], [280, 156, 9.486932754516602], [280, 156, 9.486932754516602], [280, 156, 9.486932754516602], [280, 156, 9.486932754516602]]",45
31,"[[280, 250, 8.860122680664062], [280, 250, 8.860122680664062], [280, 250, 8.860122680664062], [281, 230, 8.875432968139648], [281, 230, 8.875432968139648], [281, 230, 8.875432968139648], [281, 230, 8.875432968139648], [282, 189, 8.544103622436523], [282, 189, 8.544103622436523], [282, 189, 8.544103622436523]]",85
32,"[[277, 246, 9.013978004455566], [277, 246, 9.013978004455566], [277, 246, 9.013978004455566], [279, 224, 8.077847480773926], [279, 224, 8.077847480773926], [279, 224, 8.077847480773926], [279, 224, 8.077847480773926], [279, 224, 8.077847480773926], [279, 224, 8.077847480773926], [279, 224, 8.077847480773926]]",12
33,"[[277, 235, 9.486932754516602], [277, 235, 9.486932754516602], [282, 186, 9.486932754516602], [282, 186, 9.486932754516602], [282, 186, 9.486932754516602], [284, 164, 9.962529182434082], [284, 164, 9.962529182434082], [284, 164, 9.962529182434082], [284, 164, 9.962529182434082], [284, 164, 9.962529182434082]]",25
34,"[[280, 239, 9.823541641235352], [280, 239, 9.823541641235352], [280, 239, 9.823541641235352], [291, 166, 10.594910621643066], [291, 166, 10.594910621643066], [296, 143, 10.30786418914795], [296, 143, 10.30786418914795], [296, 143, 10.30786418914795], [296, 143, 10.30786418914795], [301, 122, 9.848958015441895]]",10
35,"[[280, 258, 8.381627082824707], [280, 258, 8.381627082824707], [280, 258, 8.381627082824707], [281, 238, 9.34087085723877], [281, 238, 9.34087085723877], [281, 238, 9.34087085723877], [281, 238, 9.34087085723877], [281, 238, 9.34087085723877], [286, 181, 9.192488670349121], [286, 181, 9.192488670349121]]",95
